ID,FirstName,LastName,Email,Phone,Country,Date,Notes
1,Mary,White,example1@email.com,+1-724-7139, Australia ,2021-03-07,
2, frank , Brown ,example1@email.com,+1-605-2569, Germany ,2/19/2020,
3,Frank, Johnson ,,+1-546-8384,United States,10/9/2022,important
4,bob,Lewis,example3@email.com,+1-563-3990, Untied States ,9/23/2020,Review
5, Charlie ,Doe,,+1-598-6364,Germany,2022-05-01,N/A
6, Eve ,Lewis,example2@email.com,+1-405-8301,Australia,1/3/2020,N/A
7, Mary ,Brown,example1@email.com,+1-547-3782,Canada,2023-02-17,N/A
8, Diana ,Davis,example2@email.com,+1-673-4221, Germany ,12/22/2021,N/A
9,eve,Clark,example2@email.com,+1-468-5798,United Kingdom,2022-05-16,N/A
10, Eve ,Lewis,example3@email.com,+1-194-6106, United States ,2/25/2020,important
11,Diana,Doe,,+1-222-8894,Australia,10/25/2022,N/A
12,John,Johnson,example2@email.com,+1-738-7695,United States,2023-06-18,Follow up
13, Mary ,Davis,example4@email.com,+1-315-2110,Untied States,4/9/2021,N/A
14,Bob,Johnson,example3@email.com,+1-255-6299,Germany,2021-02-17,Review
15,John,Doe,example2@email.com,+1-520-7244,Australia,2022-04-06,important
16,Eve,Smith,example3@email.com,+1-163-1485,Untied States,2021-12-20,Check
17, Alice ,White,,+1-197-4603,Germany,2023-11-02,N/A
18, Frank ,Smith,example1@email.com,,Australia,2022-10-20,N/A
19, john ,Doe,example4@email.com,+1-577-3267, Canada ,2020-12-13,Check
20, Frank ,White,example2@email.com,+1-390-3539,Canada,8/2/2023,Check
21,Charlie,Lewis,example3@email.com,+1-590-6908,Germany,2020-02-13,Follow up
22,Eve, Davis ,example3@email.com,+1-691-6087,United States,2020-06-19,Check
23, Eve ,Johnson,,+1-359-8551,Germany,6/12/2021,Review
24,frank, Johnson ,,+1-678-1264, Germany ,2020-03-24,
25,John,Clark,example2@email.com,+1-446-5896,Australia,2021-09-13,Follow up
26,Eve,Clark,example2@email.com,+1-603-4211, United States ,7/13/2023,important
27, frank ,White,example2@email.com,+1-968-8744, Germany ,9/7/2022,N/A
28,Diana,Smith,example3@email.com,+1-958-2265,Australia,4/23/2022,Check
29, Mary , Davis ,example2@email.com,+1-684-3312,Australia,4/6/2023,important
30,Bob, White ,,+1-312-7274,Australia,11/20/2020,important
31,Alice, Brown ,example2@email.com,+1-526-9405,United States,2023-12-07,important
32,Diana,Doe,example3@email.com,,Untied States,2021-05-21,Check
33, Alice ,Davis,,, United States ,12/27/2022,Check
34,Mary, White ,,+1-240-4504, Germany ,9/19/2021,Follow up
35,alice,Davis,example2@email.com,+1-891-7486,Untied States,5/12/2022,Follow up
36, Bob ,Smith,example4@email.com,+1-875-8897,Canada,10/27/2023,Review
37,Bob, Doe ,example2@email.com,+1-138-6059,Canada,3/1/2022,
38, john , Doe ,example1@email.com,+1-590-5758, Germany ,2023-11-02,Check
39,Diana, Clark ,,+1-292-8246,United Kingdom,1/23/2020,Review
40, bob ,Clark,example2@email.com,+1-807-2488, United States ,4/20/2021,Review
41,john,Brown,example2@email.com,,Germany,9/13/2020,Check
42,John,Lewis,example1@email.com,+1-961-6418,Untied States,2021-07-06,Check
43,Diana, Brown ,example1@email.com,+1-949-4328,United Kingdom,9/26/2023,Follow up
44,Charlie,White,example3@email.com,+1-486-4195,Germany,5/22/2021,
45,Bob, Smith ,example2@email.com,+1-642-6340, Canada ,2022-08-07,Check
46,Diana,Brown,,+1-775-7245,Australia,7/12/2020,Review
47,Bob,Johnson,example1@email.com,+1-815-3601,Canada,2023-01-05,
48, john ,Doe,example3@email.com,+1-251-8817, Canada ,1/18/2023,N/A
49,bob,Lewis,example2@email.com,+1-331-8928, United Kingdom ,9/8/2023,N/A
50,charlie, Brown ,example4@email.com,+1-572-7875,United Kingdom,9/25/2023,Follow up
51,Bob,Johnson,example1@email.com,+1-117-3411,Germany,9/28/2020,
52, Charlie ,Davis,,+1-278-9887, Canada ,2022-09-01,Review
53, Mary ,Clark,example4@email.com,+1-447-9372, United States ,5/25/2020,
54,Diana, Davis ,example1@email.com,+1-472-1657, Australia ,5/12/2022,Check
55,Alice,Brown,example2@email.com,+1-374-3957,Canada,5/18/2021,Check
56,frank,Clark,example3@email.com,+1-371-2781,Australia,2020-07-19,N/A
57, Charlie , Clark ,example3@email.com,+1-769-1199,Untied States,9/25/2021,Review
58, Bob ,Lewis,example2@email.com,+1-941-7504, United States ,9/16/2023,important
59, John ,Clark,example3@email.com,, United Kingdom ,9/5/2020,N/A
60,Eve, Brown ,,+1-915-1581,United Kingdom,1/16/2021,Check
61, eve ,Lewis,example2@email.com,+1-851-3310, Australia ,2023-05-01,N/A
62,alice, White ,example2@email.com,+1-108-4831,Canada,2023-08-08,N/A
63,John,Brown,example1@email.com,+1-478-6226, Australia ,8/13/2021,Follow up
64,Bob,Doe,example1@email.com,+1-969-6471,Australia,9/23/2021,Check
65,bob, Doe ,example1@email.com,,Untied States,11/23/2021,
66,eve, Clark ,example2@email.com,+1-158-1461,Canada,6/24/2023,
67,Charlie,White,example4@email.com,+1-611-4194, Australia ,7/14/2022,Follow up
68, Diana , Davis ,example1@email.com,+1-996-1409, United States ,4/25/2022,Check
69,eve,Davis,example4@email.com,,Australia,2020-05-06,
70,Mary, Doe ,example4@email.com,+1-354-7766,United Kingdom,2023-02-15,important
71,Diana,Johnson,example1@email.com,+1-554-8073,Australia,4/24/2021,Review
72,Charlie,Doe,example3@email.com,+1-442-2595,United Kingdom,4/26/2021,Check
73,Charlie,White,example2@email.com,+1-546-6244,United States,2021-06-21,Check
74, Alice ,Clark,,+1-636-3376, United States ,2021-07-26,Review
75, Diana , Clark ,example3@email.com,+1-266-5849,Germany,5/1/2022,Follow up
76,Charlie,Lewis,example1@email.com,+1-528-6267, Untied States ,9/12/2020,N/A
77,Diana, Doe ,example1@email.com,+1-495-7070, United States ,2/2/2020,
78, Alice ,Clark,example4@email.com,+1-271-8340,Germany,2021-03-27,Follow up
79,Charlie, Brown ,example3@email.com,,Germany,2022-03-05,Check
80,John,Brown,example3@email.com,+1-891-1479,United Kingdom,2020-03-24,N/A
81,eve,Davis,example3@email.com,+1-244-9777,Untied States,2022-09-08,important
82,Charlie, Johnson ,example1@email.com,+1-633-9037,Untied States,2020-05-13,N/A
83, Charlie ,Davis,example3@email.com,+1-354-2231, Germany ,11/4/2020,
84,Diana, Smith ,,+1-592-2688, Germany ,2021-07-15,Review
85,Bob, Doe ,example2@email.com,+1-867-7251, United States ,2023-02-02,
86, Bob ,Smith,,+1-811-8847,Australia,2023-12-26,
87,Diana,White,,+1-820-5627, United States ,9/19/2022,important
88, John ,Smith,example3@email.com,,United Kingdom,2021-07-27,Follow up
89,frank,White,,+1-484-2365,Australia,11/4/2023,important
90,diana,Davis,example2@email.com,+1-681-7934,Germany,4/10/2020,
91, diana ,White,example1@email.com,+1-753-8240,United States,2021-01-28,Check
92,Diana,Doe,,+1-841-1198,United States,2023-12-28,
93,Eve,Brown,,+1-696-3027,Canada,2020-01-19,Check
94,Charlie,Brown,example2@email.com,+1-651-1383, Untied States ,2022-04-12,
95, John ,White,example4@email.com,+1-987-8185, Australia ,2021-04-09,important
96,Bob,Doe,example1@email.com,+1-100-6756,Australia,3/20/2022,Check
97, bob ,Davis,example3@email.com,+1-915-2631,Canada,2022-07-11,Review
98, Bob , Lewis ,example4@email.com,+1-350-8366,Australia,12/5/2022,Follow up
99, Charlie ,White,example1@email.com,+1-314-8781,Australia,2023-10-06,Follow up
100, Bob , Johnson ,,+1-514-8525,Australia,2023-10-25,Review
101,John,Doe,example4@email.com,+1-740-2277,Germany,2022-02-07,
102, Frank ,Brown,example1@email.com,+1-554-7557, United States ,10/10/2020,
103,John, Lewis ,example2@email.com,+1-891-8271, Untied States ,10/27/2022,N/A
104,John,White,example3@email.com,,Germany,5/7/2020,important
105, Diana ,Smith,,+1-717-6450,Canada,2020-05-08,Follow up
106, Charlie , Clark ,,+1-425-9983, Germany ,2022-08-17,
107,Bob, White ,example4@email.com,+1-339-9755, Australia ,2021-01-10,important
108,John, Davis ,example3@email.com,+1-544-1808, United States ,2020-06-19,Follow up
109,Charlie,Smith,example2@email.com,+1-586-9292,Canada,2023-03-14,Check
110,diana,Doe,example1@email.com,+1-641-9269,United States,2021-07-01,important
111,alice,White,example1@email.com,+1-122-3489,Germany,9/19/2020,Check
112,Frank,Davis,example4@email.com,+1-845-4937,Germany,7/9/2020,N/A
113,John,Brown,example1@email.com,,Australia,2020-05-24,Follow up
114,Alice,Smith,example4@email.com,+1-504-4772,Untied States,2023-11-07,Check
115,John, Doe ,example2@email.com,+1-767-9568, Germany ,11/2/2020,Check
116, Frank , Clark ,example2@email.com,+1-125-4786, Germany ,5/24/2021,N/A
117, Charlie ,Davis,,+1-597-7874,Australia,2020-10-17,Check
118,frank,White,example2@email.com,,Australia,2023-12-18,
119, Mary ,Clark,,+1-321-5139,Australia,2022-05-09,Review
120,john,White,,+1-759-4221,United Kingdom,2022-07-17,Check
121,Frank, Doe ,example2@email.com,+1-753-5961,Canada,2021-03-18,Follow up
122, Bob , White ,,+1-128-8277,United Kingdom,2022-09-24,important
123, Charlie ,Johnson,example1@email.com,+1-568-2679,Australia,11/3/2023,Review
124,Frank,Smith,example1@email.com,+1-147-2628, Canada ,11/12/2020,Review
125,Bob,Johnson,,, United Kingdom ,3/8/2021,N/A
126,Alice,Smith,example1@email.com,+1-584-1570,Germany,7/4/2022,N/A
127,Bob,Lewis,example4@email.com,+1-866-8206,United Kingdom,9/15/2021,Check
128,Frank,Brown,,,United States,4/11/2023,N/A
129,Frank,Clark,example4@email.com,+1-984-7272,Germany,6/22/2023,Check
130,eve,Doe,,+1-504-3627,Australia,12/8/2023,
131,Alice, Davis ,example3@email.com,+1-146-5403, United States ,2023-08-01,important
132,Mary, Lewis ,example4@email.com,+1-594-2328,United Kingdom,3/22/2022,Check
133,Alice,Lewis,example4@email.com,+1-266-9068,United Kingdom,12/4/2021,important
134,Frank,Lewis,example1@email.com,+1-454-3037,Untied States,6/13/2021,important
135,Mary,Clark,example2@email.com,+1-389-8687, United Kingdom ,2021-05-18,
136, Charlie ,White,,,Germany,2020-09-05,
137,Alice,Doe,example3@email.com,+1-852-3115,United States,3/12/2023,N/A
138,Eve,Clark,example3@email.com,+1-380-7612,Untied States,2022-12-06,Follow up
139, Eve ,White,example1@email.com,+1-221-3018,Germany,1/14/2022,Review
140,Mary,Smith,,+1-712-2379,Untied States,2020-06-23,important
141, diana ,Doe,example2@email.com,+1-232-6758,Canada,2021-03-13,Check
142, eve ,White,example4@email.com,+1-962-6301,Germany,10/27/2023,
143,bob,White,example3@email.com,+1-665-9818, Germany ,2020-02-16,
144,Frank,Davis,example1@email.com,,Germany,2022-04-19,N/A
145,Eve, Johnson ,example4@email.com,+1-393-3829,United States,9/16/2020,Check
146,john,Johnson,,+1-635-6203,Australia,12/6/2020,Check
147,Mary, Davis ,example4@email.com,+1-879-3299,Australia,5/7/2021,Check
148,Diana,Lewis,example3@email.com,+1-382-2229, Canada ,2020-05-24,
149, mary ,White,example3@email.com,+1-433-2290,Untied States,1/17/2023,Follow up
150,Diana,Brown,example1@email.com,+1-591-5981, United States ,2020-10-07,Follow up
151,frank, Brown ,example4@email.com,+1-568-6531, Australia ,2020-02-08,Check
152,eve,Smith,,+1-277-2181,United States,8/10/2022,
153,Charlie, Johnson ,example3@email.com,+1-717-4554,Australia,2/6/2021,Follow up
154,Alice,Johnson,example4@email.com,+1-239-1572,Germany,2021-06-24,
155,Mary, Doe ,example1@email.com,+1-605-2417, United Kingdom ,2021-09-08,Follow up
156, Alice ,Johnson,example3@email.com,+1-872-3216,United States,2021-07-09,Review
157,frank, Brown ,example2@email.com,+1-844-6943,Australia,2021-08-21,Follow up
158,Frank, Smith ,example2@email.com,,Canada,2021-10-09,Check
159,Alice,Doe,example3@email.com,+1-138-9162, Germany ,2021-07-24,important
160,Eve,White,,+1-419-3981,Canada,2020-12-05,
161,Charlie,Smith,,+1-690-4251,United States,2020-05-08,
162,bob,Clark,example2@email.com,+1-892-8223, Australia ,10/3/2022,
163,Bob,Smith,example2@email.com,+1-278-8183, Canada ,4/2/2020,Check
164,Eve,Brown,example1@email.com,+1-422-4063,United Kingdom,4/23/2020,Check
165, frank , Smith ,example1@email.com,+1-727-2341,Untied States,10/4/2021,Review
166,diana,Lewis,example2@email.com,+1-279-5867,United Kingdom,9/17/2020,N/A
167, Mary ,Brown,,+1-471-9208, Untied States ,12/13/2021,Check
168,Eve,Lewis,example3@email.com,+1-302-9922,Canada,2022-07-16,Check
169, Frank , Johnson ,,, United States ,6/13/2021,N/A
170, eve ,White,example4@email.com,,Canada,2022-02-21,Review
171, john ,Doe,example3@email.com,+1-425-1683,Untied States,3/13/2023,N/A
172, Alice ,Smith,example2@email.com,+1-249-8598, Untied States ,2023-07-08,important
173, Charlie ,Clark,example2@email.com,+1-432-1580,Canada,9/9/2022,Check
174, Mary ,Brown,example1@email.com,+1-805-7109,Australia,2020-09-17,N/A
175, Frank , Brown ,example3@email.com,+1-116-8516,United Kingdom,9/4/2023,Follow up
176,Alice,Smith,example1@email.com,, United States ,5/24/2021,Follow up
177,eve, Lewis ,example3@email.com,+1-956-6660, United States ,2022-01-25,Check
178,Bob,Johnson,example2@email.com,+1-434-1192,Untied States,2020-09-25,Follow up
179, Bob ,Johnson,,+1-864-4419,Germany,2022-11-07,Check
180,Diana, White ,example2@email.com,+1-136-5506, Australia ,5/20/2022,
181, Eve ,Clark,example1@email.com,+1-906-3753,United States,2020-08-27,important
182, John , Doe ,example3@email.com,+1-427-9966,Australia,2020-10-24,Follow up
183,bob,Smith,example1@email.com,+1-462-3611,United States,2021-02-02,important
184,Eve, Davis ,example4@email.com,+1-562-6964, Canada ,2020-10-08,important
185,Frank,Davis,,+1-981-6658, Untied States ,8/26/2020,N/A
186,Mary,Davis,,+1-452-6759,United States,9/13/2021,Review
187,Mary,Brown,example1@email.com,+1-991-7478,Australia,10/26/2022,N/A
188,Eve,Clark,example1@email.com,+1-961-4877,United States,2022-02-02,Review
189,Mary,Lewis,example2@email.com,,United Kingdom,2/17/2021,Review
190, Bob , Brown ,,+1-214-6963,United States,2020-05-17,Follow up
191,Mary,Davis,,+1-363-7021,Canada,9/14/2021,Follow up
192, Mary ,Clark,example1@email.com,+1-459-1190,Germany,12/16/2020,Check
193,Alice,White,example2@email.com,+1-525-9057, Germany ,6/11/2022,N/A
194, Diana ,Smith,example1@email.com,+1-594-3062,Australia,2020-08-10,Check
195,Mary, Davis ,example3@email.com,+1-865-7944,United Kingdom,2023-06-20,N/A
196,charlie,Davis,,+1-455-2540,United States,2020-04-06,important
197,charlie,Davis,example4@email.com,+1-152-5648,Untied States,2023-11-26,Review
198, bob , Brown ,example4@email.com,+1-166-2013, United States ,10/6/2022,
199, diana ,Smith,example3@email.com,+1-991-9944, United Kingdom ,1/24/2023,N/A
200, Charlie , Smith ,example2@email.com,+1-530-6929, Canada ,2020-04-04,Follow up
201, Frank ,Johnson,example2@email.com,+1-966-8566,Australia,2021-07-15,
202,Eve, Lewis ,,+1-137-9155, Germany ,2020-06-16,important
203,alice,Doe,example2@email.com,+1-925-7972, United States ,2021-02-09,Follow up
204,Charlie, Brown ,example3@email.com,+1-856-6117,Untied States,9/28/2021,Check
205,bob, White ,example1@email.com,+1-953-2865, Australia ,2020-12-27,N/A
206,Alice,Smith,,+1-997-5312, United States ,4/19/2023,Follow up
207,Diana,White,example4@email.com,,United Kingdom,12/14/2023,Follow up
208, Diana ,Smith,example1@email.com,+1-295-3790, United Kingdom ,9/24/2021,N/A
209,Mary,Clark,,+1-892-3055,Germany,2020-03-28,N/A
210, Frank ,Doe,example3@email.com,,Germany,4/19/2023,Follow up
211, Charlie ,Johnson,example2@email.com,+1-861-7826,Canada,2023-01-06,Check
212, Frank , Davis ,example2@email.com,,Australia,2023-04-17,Follow up
213,Charlie, Smith ,example1@email.com,+1-195-7543,United Kingdom,11/4/2020,Check
214, Bob ,Davis,example1@email.com,+1-451-6542,United Kingdom,2022-04-25,Follow up
215,Bob,Lewis,example3@email.com,+1-871-9961,Australia,2020-03-04,Check
216,alice, Davis ,example1@email.com,,Australia,4/14/2023,important
217,John,Johnson,,+1-873-1963, Germany ,9/15/2022,Review
218,John,Lewis,example4@email.com,+1-995-3252, Australia ,2021-04-01,important
219,Charlie, Brown ,,+1-844-5924, Australia ,5/12/2022,Check
220,Bob, Brown ,example4@email.com,+1-897-2148,Canada,7/14/2021,Follow up
221,Diana, Johnson ,example3@email.com,+1-474-1569,United Kingdom,2020-09-02,Review
222,Diana, Doe ,example4@email.com,+1-965-8197,Australia,12/17/2020,N/A
223, mary , Davis ,example2@email.com,+1-468-4224,Canada,2021-04-22,Review
224,Alice,Doe,example2@email.com,+1-124-4272,Untied States,12/17/2020,Review
225, Charlie ,Davis,,+1-832-3319,Germany,1/4/2020,important
226,John,Johnson,,+1-134-4213,Australia,2021-04-08,N/A
227,Alice, Brown ,,+1-160-7981,Germany,2021-01-24,
228,Mary,Smith,,+1-612-1979, United Kingdom ,7/26/2020,
229, Eve , White ,,+1-730-6276,Canada,1/4/2021,Review
230,Mary,Doe,example4@email.com,+1-560-8570,United Kingdom,2021-12-06,Check
231, Diana ,White,,+1-485-2994,Germany,2020-01-10,Check
232, Frank ,Clark,,+1-945-7231, Canada ,2023-04-15,Follow up
233,Charlie,Doe,example3@email.com,+1-659-5055,Untied States,6/21/2022,Follow up
234,Bob, Davis ,,+1-710-7462,United Kingdom,6/28/2023,Check
235,charlie,White,example2@email.com,+1-941-4394, Canada ,1/14/2021,Review
236,Frank,Doe,example1@email.com,+1-516-9983,Australia,7/21/2021,N/A
237,bob,Smith,,+1-800-7312, Australia ,2022-09-19,Check
238,Charlie,Clark,example4@email.com,+1-710-2193,Untied States,2020-01-26,
239,Eve, Davis ,example2@email.com,+1-363-7370, United Kingdom ,1/6/2023,
240, frank ,White,example1@email.com,+1-743-3567, Australia ,7/15/2022,N/A
241, Frank ,Doe,example1@email.com,+1-508-1003, United Kingdom ,3/15/2022,Follow up
242,Frank,White,,+1-474-9866,United States,3/23/2021,Check
243,Eve, Clark ,example3@email.com,,Germany,10/19/2022,important
244,Diana, Clark ,example1@email.com,+1-118-7878, United States ,5/25/2022,N/A
245,Charlie, Doe ,example1@email.com,+1-665-3203,United States,7/4/2022,N/A
246,diana,Brown,,+1-559-5280,Germany,12/27/2022,important
247,eve,Johnson,,+1-560-7009,Canada,3/25/2021,
248,Frank,Brown,example1@email.com,+1-833-3482,Untied States,2022-07-22,Review
249,Eve,Davis,,,Untied States,2023-08-22,Review
250,Diana,Brown,example4@email.com,+1-669-1200,Australia,2021-12-17,
251, Alice , Clark ,example2@email.com,+1-284-7848, United States ,7/23/2021,Check
252,Mary,Johnson,example4@email.com,+1-393-2227, Canada ,9/25/2023,Follow up
253, mary , Brown ,example4@email.com,+1-327-3941,United Kingdom,2022-05-16,
254,Charlie, Smith ,,,United States,2023-01-04,Follow up
255, bob , Johnson ,example1@email.com,+1-762-7804, Germany ,2021-06-07,N/A
256,Frank,Johnson,example3@email.com,+1-132-4931,Germany,5/22/2022,Check
257,Bob,Brown,example1@email.com,+1-569-1638, Untied States ,8/1/2023,N/A
258, Alice ,White,example2@email.com,+1-326-5095,Untied States,8/13/2023,N/A
259, John ,Clark,example4@email.com,+1-571-4554,Australia,2021-07-12,
260, Bob , Lewis ,example3@email.com,+1-688-9498, Germany ,2/25/2020,N/A
261,charlie,Davis,example4@email.com,+1-847-1723, Canada ,11/26/2022,Review
262,Mary,Davis,example4@email.com,,Canada,1/1/2020,Check
263,Eve, Lewis ,,+1-333-7570, Untied States ,10/26/2023,N/A
264,John,Lewis,example3@email.com,+1-388-3677, Untied States ,1/9/2020,Follow up
265,Charlie, Johnson ,example2@email.com,+1-866-9215, United Kingdom ,2021-05-04,Review
266,john, Smith ,example4@email.com,+1-787-6915,Australia,4/2/2020,important
267,Frank,Brown,example1@email.com,+1-177-1576,United Kingdom,2021-05-01,N/A
268,Alice,Brown,example2@email.com,+1-185-6049,Canada,4/20/2022,Follow up
269,Bob,Brown,example1@email.com,+1-620-4285, Untied States ,2021-09-10,important
270,Diana, Clark ,example4@email.com,+1-372-9754,Untied States,8/1/2022,
271,Bob,White,example2@email.com,+1-914-1757,Australia,2020-04-17,Follow up
272,Bob,Brown,example2@email.com,+1-973-7915,United Kingdom,2021-01-19,Review
273,Alice,Doe,example1@email.com,+1-333-6609, Untied States ,10/25/2020,Check
274, Diana ,Johnson,example4@email.com,+1-161-1871,United Kingdom,5/27/2020,
275,alice, Lewis ,,+1-234-6196, United Kingdom ,9/20/2023,Review
276,John,Doe,example2@email.com,+1-207-6217,Australia,2/10/2022,
277,John, Brown ,example2@email.com,+1-655-2177,Canada,2023-02-04,important
278,Mary, Smith ,example2@email.com,+1-849-6731, Australia ,2023-11-10,Review
279, John ,Clark,example2@email.com,+1-152-5862, Germany ,9/4/2022,Review
280, Frank ,Lewis,,+1-743-7650,Germany,2020-07-06,Check
281,Eve,Johnson,example4@email.com,+1-443-7964,Germany,9/7/2023,Review
282,Frank,Brown,example2@email.com,+1-553-6962,Canada,2/23/2021,Check
283, Charlie , Johnson ,,+1-300-9360,Untied States,2021-07-28,N/A
284,Charlie,Clark,example3@email.com,+1-226-1742,Untied States,2021-11-09,N/A
285, charlie ,White,example4@email.com,+1-411-2401, Canada ,2023-07-25,Review
286,Diana,Davis,example4@email.com,+1-381-1006,Canada,2021-03-03,important
287,Charlie,Smith,example3@email.com,,United Kingdom,12/17/2022,Check
288, Charlie , Doe ,example2@email.com,+1-215-9937,Untied States,2020-05-18,Check
289, alice , Davis ,,+1-921-4980,Canada,2021-01-03,important
290,Eve, Lewis ,,+1-515-9231,Germany,2022-04-05,Check
291,John,White,example1@email.com,+1-539-6825,Australia,12/2/2022,
292,alice,Brown,example1@email.com,, United Kingdom ,2020-01-13,important
293, bob ,Smith,example2@email.com,+1-240-1222,Untied States,2023-12-03,Follow up
294,Eve,Smith,,+1-801-1378,Untied States,2021-07-18,
295,john,White,example1@email.com,+1-908-1321, Untied States ,10/28/2023,Follow up
296,Bob,Brown,,+1-578-1152, United Kingdom ,2021-09-20,Check
297,Eve,Clark,example1@email.com,+1-911-1310,Canada,2023-04-18,N/A
298,John,Davis,,+1-907-7691, United States ,8/17/2023,important
299,Mary,Doe,example4@email.com,+1-764-9476,United Kingdom,5/24/2021,Check
300, Diana ,Brown,example3@email.com,+1-777-3817,Untied States,2021-06-08,Check
204,Charlie, Brown ,example3@email.com,+1-856-6117,Untied States,9/28/2021,Check
267,Frank,Brown,example1@email.com,+1-177-1576,United Kingdom,2021-05-01,N/A
153,Charlie, Johnson ,example3@email.com,+1-717-4554,Australia,2/6/2021,Follow up
10, Eve ,Lewis,example3@email.com,+1-194-6106, United States ,2/25/2020,important
234,Bob, Davis ,,+1-710-7462,United Kingdom,6/28/2023,Check
227,Alice, Brown ,,+1-160-7981,Germany,2021-01-24,
197,charlie,Davis,example4@email.com,+1-152-5648,Untied States,2023-11-26,Review
110,diana,Doe,example1@email.com,+1-641-9269,United States,2021-07-01,important
6, Eve ,Lewis,example2@email.com,+1-405-8301,Australia,1/3/2020,N/A
176,Alice,Smith,example1@email.com,, United States ,5/24/2021,Follow up
238,Charlie,Clark,example4@email.com,+1-710-2193,Untied States,2020-01-26,
58, Bob ,Lewis,example2@email.com,+1-941-7504, United States ,9/16/2023,important
219,Charlie, Brown ,,+1-844-5924, Australia ,5/12/2022,Check
46,Diana,Brown,,+1-775-7245,Australia,7/12/2020,Review
183,bob,Smith,example1@email.com,+1-462-3611,United States,2021-02-02,important
